<?xml version="1.0" encoding="UTF-8"?>
<!DOCTYPE why3session PUBLIC "-//Why3//proof session v5//EN"
"http://why3.lri.fr/why3session.dtd">
<why3session shape_version="4">
<prover id="0" name="Alt-Ergo" version="2.3.0" timelimit="5" steplimit="0" memlimit="1000"/>
<file name="../increasing.mlw" expanded="true">
<theory name="Jessie_model" sum="d41d8cd98f00b204e9800998ecf8427e" expanded="true">
</theory>
<theory name="Jessie_program" sum="bda1950bd21f00a97f0b5268e4dc93b8" expanded="true">
 <goal name="WP_parameter isIncreasing_ensures_default" expl="Function isIncreasing, default behavior" expanded="true">
 <proof prover="0"><result status="valid" time="0.05" steps="123"/></proof>
 </goal>
 <goal name="WP_parameter isIncreasing_ensures_failure" expl="Function isIncreasing, Behavior `failure&apos;" expanded="true">
 <proof prover="0"><result status="valid" time="0.02" steps="44"/></proof>
 </goal>
 <goal name="WP_parameter isIncreasing_ensures_success" expl="Function isIncreasing, Behavior `success&apos;" expanded="true">
 <proof prover="0"><result status="valid" time="0.02" steps="42"/></proof>
 </goal>
 <goal name="WP_parameter isIncreasing_safety" expl="Function isIncreasing, Safety" expanded="true">
 <proof prover="0"><result status="valid" time="0.02" steps="73"/></proof>
 </goal>
</theory>
</file>
</why3session>
