<?xml version="1.0" encoding="UTF-8"?>
<!DOCTYPE why3session PUBLIC "-//Why3//proof session v5//EN"
"http://why3.lri.fr/why3session.dtd">
<why3session shape_version="4">
<prover id="0" name="Alt-Ergo" version="2.3.0" timelimit="5" steplimit="0" memlimit="1000"/>
<file name="../swap.mlw" expanded="true">
<theory name="Jessie_model" sum="d41d8cd98f00b204e9800998ecf8427e" expanded="true">
</theory>
<theory name="Jessie_program" sum="5660ed1d6758cd969b163763d17c8c48" expanded="true">
 <goal name="WP_parameter swap_ensures_default" expl="Function swap, default behavior" expanded="true">
 <proof prover="0"><result status="valid" time="0.05" steps="252"/></proof>
 </goal>
 <goal name="WP_parameter swap_safety" expl="Function swap, Safety" expanded="true">
 <proof prover="0"><result status="valid" time="0.03" steps="64"/></proof>
 </goal>
</theory>
</file>
</why3session>
