<?xml version="1.0" encoding="UTF-8"?>
<!DOCTYPE why3session PUBLIC "-//Why3//proof session v5//EN"
"http://why3.lri.fr/why3session.dtd">
<why3session shape_version="4">
<prover id="0" name="Alt-Ergo" version="2.3.0" timelimit="5" steplimit="0" memlimit="1000"/>
<file name="../indexElement.mlw" expanded="true">
<theory name="Jessie_model" sum="d41d8cd98f00b204e9800998ecf8427e" expanded="true">
</theory>
<theory name="Jessie_program" sum="91dbfea9ab41d30ebbc8164374944beb" expanded="true">
 <goal name="WP_parameter index_ensures_default" expl="Function index, default behavior" expanded="true">
 <proof prover="0"><result status="valid" time="0.02" steps="84"/></proof>
 </goal>
 <goal name="WP_parameter index_ensures_failure" expl="Function index, Behavior `failure&apos;" expanded="true">
 <proof prover="0"><result status="valid" time="0.02" steps="32"/></proof>
 </goal>
 <goal name="WP_parameter index_ensures_success" expl="Function index, Behavior `success&apos;" expanded="true">
 <proof prover="0"><result status="valid" time="0.02" steps="41"/></proof>
 </goal>
 <goal name="WP_parameter index_safety" expl="Function index, Safety" expanded="true">
 <proof prover="0"><result status="valid" time="0.02" steps="49"/></proof>
 </goal>
</theory>
</file>
</why3session>
