<?xml version="1.0" encoding="UTF-8"?>
<!DOCTYPE why3session PUBLIC "-//Why3//proof session v5//EN"
"http://why3.lri.fr/why3session.dtd">
<why3session shape_version="4">
<prover id="0" name="Alt-Ergo" version="2.3.0" timelimit="5" steplimit="0" memlimit="1000"/>
<file name="../multiply2int.mlw" expanded="true">
<theory name="Jessie_model" sum="d41d8cd98f00b204e9800998ecf8427e" expanded="true">
</theory>
<theory name="Jessie_program" sum="9e9b02fd79cab99ffbefbe369a112b9c" expanded="true">
 <goal name="WP_parameter mul_ensures_default" expl="Function mul, default behavior" expanded="true">
 <proof prover="0"><result status="valid" time="0.05" steps="95"/></proof>
 </goal>
 <goal name="WP_parameter mul_safety" expl="Function mul, Safety" expanded="true">
 <proof prover="0"><result status="valid" time="0.02" steps="54"/></proof>
 </goal>
</theory>
</file>
</why3session>
