<?xml version="1.0" encoding="UTF-8"?>
<!DOCTYPE why3session PUBLIC "-//Why3//proof session v5//EN"
"http://why3.lri.fr/why3session.dtd">
<why3session shape_version="4">
<prover id="0" name="Alt-Ergo" version="2.3.0" timelimit="5" steplimit="0" memlimit="1000"/>
<file name="../min2int.mlw" expanded="true">
<theory name="Jessie_model" sum="d41d8cd98f00b204e9800998ecf8427e" expanded="true">
</theory>
<theory name="Jessie_program" sum="692aca2c18d738841919a0034ab69211" expanded="true">
 <goal name="WP_parameter min_ensures_default" expl="Function min, default behavior" expanded="true">
 <proof prover="0"><result status="valid" time="0.01" steps="8"/></proof>
 </goal>
 <goal name="WP_parameter min_safety" expl="Function min, Safety" expanded="true">
 <proof prover="0"><result status="valid" time="0.01" steps="8"/></proof>
 </goal>
</theory>
</file>
</why3session>
