<?xml version="1.0" encoding="UTF-8"?>
<!DOCTYPE why3session PUBLIC "-//Why3//proof session v5//EN"
"http://why3.lri.fr/why3session.dtd">
<why3session shape_version="4">
<prover id="0" name="Alt-Ergo" version="2.3.0" timelimit="5" steplimit="0" memlimit="1000"/>
<file name="../isZero.mlw" expanded="true">
<theory name="Jessie_model" sum="d41d8cd98f00b204e9800998ecf8427e" expanded="true">
</theory>
<theory name="Jessie_program" sum="4677ad0c2ae1b79713d866fa0e10dbfb" expanded="true">
 <goal name="WP_parameter all_zeros_ensures_default" expl="Function all_zeros, default behavior" expanded="true">
 <proof prover="0"><result status="valid" time="0.03" steps="72"/></proof>
 </goal>
 <goal name="WP_parameter all_zeros_ensures_failure" expl="Function all_zeros, Behavior `failure&apos;" expanded="true">
 <proof prover="0"><result status="valid" time="0.07" steps="49"/></proof>
 </goal>
 <goal name="WP_parameter all_zeros_ensures_success" expl="Function all_zeros, Behavior `success&apos;" expanded="true">
 <proof prover="0"><result status="valid" time="0.02" steps="36"/></proof>
 </goal>
 <goal name="WP_parameter all_zeros_safety" expl="Function all_zeros, Safety" expanded="true">
 <proof prover="0"><result status="valid" time="0.02" steps="45"/></proof>
 </goal>
</theory>
</file>
</why3session>
