<?xml version="1.0" encoding="UTF-8"?>
<!DOCTYPE why3session PUBLIC "-//Why3//proof session v5//EN"
"http://why3.lri.fr/why3session.dtd">
<why3session shape_version="4">
<prover id="0" name="Alt-Ergo" version="2.3.0" timelimit="5" steplimit="0" memlimit="1000"/>
<file name="../palindrome.mlw" expanded="true">
<theory name="Jessie_model" sum="d41d8cd98f00b204e9800998ecf8427e" expanded="true">
</theory>
<theory name="Jessie_program" sum="9d2a7edd22981174d35fc3027733c8a5" expanded="true">
 <goal name="WP_parameter isPalindrome_ensures_default" expl="Function isPalindrome, default behavior" expanded="true">
 <proof prover="0"><result status="valid" time="0.05" steps="132"/></proof>
 </goal>
 <goal name="WP_parameter isPalindrome_ensures_failure" expl="Function isPalindrome, Behavior `failure&apos;" expanded="true">
 <proof prover="0"><result status="valid" time="0.02" steps="42"/></proof>
 </goal>
 <goal name="WP_parameter isPalindrome_ensures_success" expl="Function isPalindrome, Behavior `success&apos;" expanded="true">
 <proof prover="0"><result status="valid" time="0.02" steps="44"/></proof>
 </goal>
 <goal name="WP_parameter isPalindrome_safety" expl="Function isPalindrome, Safety" expanded="true">
 <proof prover="0"><result status="valid" time="0.02" steps="81"/></proof>
 </goal>
</theory>
</file>
</why3session>
