<?xml version="1.0" encoding="UTF-8"?>
<!DOCTYPE why3session PUBLIC "-//Why3//proof session v5//EN"
"http://why3.lri.fr/why3session.dtd">
<why3session shape_version="4">
<prover id="0" name="Alt-Ergo" version="2.3.0" timelimit="5" steplimit="0" memlimit="1000"/>
<file name="../concatenate.mlw" expanded="true">
<theory name="Jessie_model" sum="d41d8cd98f00b204e9800998ecf8427e" expanded="true">
</theory>
<theory name="Jessie_program" sum="c7b77fc3c0be900e6a30706f8a721eb2" expanded="true">
 <goal name="WP_parameter concatinate_ensures_default" expl="Function concatinate, default behavior" expanded="true">
 <proof prover="0"><result status="valid" time="0.35" steps="1175"/></proof>
 </goal>
 <goal name="WP_parameter concatinate_safety" expl="Function concatinate, Safety" expanded="true">
 <proof prover="0"><result status="valid" time="0.04" steps="89"/></proof>
 </goal>
</theory>
</file>
</why3session>
