<?xml version="1.0" encoding="UTF-8"?>
<!DOCTYPE why3session PUBLIC "-//Why3//proof session v5//EN"
"http://why3.lri.fr/why3session.dtd">
<why3session shape_version="4">
<prover id="0" name="Alt-Ergo" version="2.3.0" timelimit="5" steplimit="0" memlimit="1000"/>
<file name="../min_array.mlw" expanded="true">
<theory name="Jessie_model" sum="d41d8cd98f00b204e9800998ecf8427e" expanded="true">
</theory>
<theory name="Jessie_program" sum="e7d36c03268eb810deca00c8b749444c" expanded="true">
 <goal name="WP_parameter minIndex_ensures_default" expl="Function minIndex, default behavior" expanded="true">
 <proof prover="0"><result status="valid" time="0.34" steps="1886"/></proof>
 </goal>
 <goal name="WP_parameter minIndex_safety" expl="Function minIndex, Safety" expanded="true">
 <proof prover="0"><result status="valid" time="0.02" steps="78"/></proof>
 </goal>
</theory>
</file>
</why3session>
