<?xml version="1.0" encoding="UTF-8"?>
<!DOCTYPE why3session PUBLIC "-//Why3//proof session v5//EN"
"http://why3.lri.fr/why3session.dtd">
<why3session shape_version="4">
<prover id="0" name="Alt-Ergo" version="2.3.0" timelimit="5" steplimit="0" memlimit="1000"/>
<file name="../compare2arrays.mlw" expanded="true">
<theory name="Jessie_model" sum="d41d8cd98f00b204e9800998ecf8427e" expanded="true">
</theory>
<theory name="Jessie_program" sum="bd94a0058dd920bba6efb9bdf8bb04a7" expanded="true">
 <goal name="WP_parameter compare_ensures_default" expl="Function compare, default behavior" expanded="true">
 <proof prover="0"><result status="valid" time="0.03" steps="86"/></proof>
 </goal>
 <goal name="WP_parameter compare_ensures_failure" expl="Function compare, Behavior `failure&apos;" expanded="true">
 <proof prover="0"><result status="valid" time="0.02" steps="46"/></proof>
 </goal>
 <goal name="WP_parameter compare_ensures_success" expl="Function compare, Behavior `success&apos;" expanded="true">
 <proof prover="0"><result status="valid" time="0.02" steps="40"/></proof>
 </goal>
 <goal name="WP_parameter compare_safety" expl="Function compare, Safety" expanded="true">
 <proof prover="0"><result status="valid" time="0.02" steps="55"/></proof>
 </goal>
</theory>
</file>
</why3session>
